--
-- PostgreSQL database dump
--

-- Dumped from database version 16.2
-- Dumped by pg_dump version 16.2

SET statement_timeout = 0;
SET lock_timeout = 0;
SET idle_in_transaction_session_timeout = 0;
SET client_encoding = 'UTF8';
SET standard_conforming_strings = on;
SELECT pg_catalog.set_config('search_path', '', false);
SET check_function_bodies = false;
SET xmloption = content;
SET client_min_messages = warning;
SET row_security = off;

SET default_tablespace = '';

SET default_table_access_method = heap;

--
-- Name: account_emailaddress; Type: TABLE; Schema: public; Owner: postgres
--

CREATE TABLE public.account_emailaddress (
    id integer NOT NULL,
    email character varying(254) NOT NULL,
    verified boolean NOT NULL,
    "primary" boolean NOT NULL,
    user_id integer NOT NULL
);


ALTER TABLE public.account_emailaddress OWNER TO postgres;

--
-- Name: account_emailaddress_id_seq; Type: SEQUENCE; Schema: public; Owner: postgres
--

ALTER TABLE public.account_emailaddress ALTER COLUMN id ADD GENERATED BY DEFAULT AS IDENTITY (
    SEQUENCE NAME public.account_emailaddress_id_seq
    START WITH 1
    INCREMENT BY 1
    NO MINVALUE
    NO MAXVALUE
    CACHE 1
);


--
-- Name: account_emailconfirmation; Type: TABLE; Schema: public; Owner: postgres
--

CREATE TABLE public.account_emailconfirmation (
    id integer NOT NULL,
    created timestamp with time zone NOT NULL,
    sent timestamp with time zone,
    key character varying(64) NOT NULL,
    email_address_id integer NOT NULL
);


ALTER TABLE public.account_emailconfirmation OWNER TO postgres;

--
-- Name: account_emailconfirmation_id_seq; Type: SEQUENCE; Schema: public; Owner: postgres
--

ALTER TABLE public.account_emailconfirmation ALTER COLUMN id ADD GENERATED BY DEFAULT AS IDENTITY (
    SEQUENCE NAME public.account_emailconfirmation_id_seq
    START WITH 1
    INCREMENT BY 1
    NO MINVALUE
    NO MAXVALUE
    CACHE 1
);


--
-- Name: auth_group; Type: TABLE; Schema: public; Owner: postgres
--

CREATE TABLE public.auth_group (
    id integer NOT NULL,
    name character varying(150) NOT NULL
);


ALTER TABLE public.auth_group OWNER TO postgres;

--
-- Name: auth_group_id_seq; Type: SEQUENCE; Schema: public; Owner: postgres
--

ALTER TABLE public.auth_group ALTER COLUMN id ADD GENERATED BY DEFAULT AS IDENTITY (
    SEQUENCE NAME public.auth_group_id_seq
    START WITH 1
    INCREMENT BY 1
    NO MINVALUE
    NO MAXVALUE
    CACHE 1
);


--
-- Name: auth_group_permissions; Type: TABLE; Schema: public; Owner: postgres
--

CREATE TABLE public.auth_group_permissions (
    id bigint NOT NULL,
    group_id integer NOT NULL,
    permission_id integer NOT NULL
);


ALTER TABLE public.auth_group_permissions OWNER TO postgres;

--
-- Name: auth_group_permissions_id_seq; Type: SEQUENCE; Schema: public; Owner: postgres
--

ALTER TABLE public.auth_group_permissions ALTER COLUMN id ADD GENERATED BY DEFAULT AS IDENTITY (
    SEQUENCE NAME public.auth_group_permissions_id_seq
    START WITH 1
    INCREMENT BY 1
    NO MINVALUE
    NO MAXVALUE
    CACHE 1
);


--
-- Name: auth_permission; Type: TABLE; Schema: public; Owner: postgres
--

CREATE TABLE public.auth_permission (
    id integer NOT NULL,
    name character varying(255) NOT NULL,
    content_type_id integer NOT NULL,
    codename character varying(100) NOT NULL
);


ALTER TABLE public.auth_permission OWNER TO postgres;

--
-- Name: auth_permission_id_seq; Type: SEQUENCE; Schema: public; Owner: postgres
--

ALTER TABLE public.auth_permission ALTER COLUMN id ADD GENERATED BY DEFAULT AS IDENTITY (
    SEQUENCE NAME public.auth_permission_id_seq
    START WITH 1
    INCREMENT BY 1
    NO MINVALUE
    NO MAXVALUE
    CACHE 1
);


--
-- Name: auth_user; Type: TABLE; Schema: public; Owner: postgres
--

CREATE TABLE public.auth_user (
    id integer NOT NULL,
    password character varying(128) NOT NULL,
    last_login timestamp with time zone,
    is_superuser boolean NOT NULL,
    username character varying(150) NOT NULL,
    first_name character varying(150) NOT NULL,
    last_name character varying(150) NOT NULL,
    email character varying(254) NOT NULL,
    is_staff boolean NOT NULL,
    is_active boolean NOT NULL,
    date_joined timestamp with time zone NOT NULL
);


ALTER TABLE public.auth_user OWNER TO postgres;

--
-- Name: auth_user_groups; Type: TABLE; Schema: public; Owner: postgres
--

CREATE TABLE public.auth_user_groups (
    id bigint NOT NULL,
    user_id integer NOT NULL,
    group_id integer NOT NULL
);


ALTER TABLE public.auth_user_groups OWNER TO postgres;

--
-- Name: auth_user_groups_id_seq; Type: SEQUENCE; Schema: public; Owner: postgres
--

ALTER TABLE public.auth_user_groups ALTER COLUMN id ADD GENERATED BY DEFAULT AS IDENTITY (
    SEQUENCE NAME public.auth_user_groups_id_seq
    START WITH 1
    INCREMENT BY 1
    NO MINVALUE
    NO MAXVALUE
    CACHE 1
);


--
-- Name: auth_user_id_seq; Type: SEQUENCE; Schema: public; Owner: postgres
--

ALTER TABLE public.auth_user ALTER COLUMN id ADD GENERATED BY DEFAULT AS IDENTITY (
    SEQUENCE NAME public.auth_user_id_seq
    START WITH 1
    INCREMENT BY 1
    NO MINVALUE
    NO MAXVALUE
    CACHE 1
);


--
-- Name: auth_user_user_permissions; Type: TABLE; Schema: public; Owner: postgres
--

CREATE TABLE public.auth_user_user_permissions (
    id bigint NOT NULL,
    user_id integer NOT NULL,
    permission_id integer NOT NULL
);


ALTER TABLE public.auth_user_user_permissions OWNER TO postgres;

--
-- Name: auth_user_user_permissions_id_seq; Type: SEQUENCE; Schema: public; Owner: postgres
--

ALTER TABLE public.auth_user_user_permissions ALTER COLUMN id ADD GENERATED BY DEFAULT AS IDENTITY (
    SEQUENCE NAME public.auth_user_user_permissions_id_seq
    START WITH 1
    INCREMENT BY 1
    NO MINVALUE
    NO MAXVALUE
    CACHE 1
);


--
-- Name: category; Type: TABLE; Schema: public; Owner: postgres
--

CREATE TABLE public.category (
    id integer NOT NULL,
    category_name character varying(7) NOT NULL,
    slug character varying(7) NOT NULL
);


ALTER TABLE public.category OWNER TO postgres;

--
-- Name: category_id_seq; Type: SEQUENCE; Schema: public; Owner: postgres
--

CREATE SEQUENCE public.category_id_seq
    AS integer
    START WITH 1
    INCREMENT BY 1
    NO MINVALUE
    NO MAXVALUE
    CACHE 1;


ALTER SEQUENCE public.category_id_seq OWNER TO postgres;

--
-- Name: category_id_seq; Type: SEQUENCE OWNED BY; Schema: public; Owner: postgres
--

ALTER SEQUENCE public.category_id_seq OWNED BY public.category.id;


--
-- Name: django_admin_log; Type: TABLE; Schema: public; Owner: postgres
--

CREATE TABLE public.django_admin_log (
    id integer NOT NULL,
    action_time timestamp with time zone NOT NULL,
    object_id text,
    object_repr character varying(200) NOT NULL,
    action_flag smallint NOT NULL,
    change_message text NOT NULL,
    content_type_id integer,
    user_id integer NOT NULL,
    CONSTRAINT django_admin_log_action_flag_check CHECK ((action_flag >= 0))
);


ALTER TABLE public.django_admin_log OWNER TO postgres;

--
-- Name: django_admin_log_id_seq; Type: SEQUENCE; Schema: public; Owner: postgres
--

ALTER TABLE public.django_admin_log ALTER COLUMN id ADD GENERATED BY DEFAULT AS IDENTITY (
    SEQUENCE NAME public.django_admin_log_id_seq
    START WITH 1
    INCREMENT BY 1
    NO MINVALUE
    NO MAXVALUE
    CACHE 1
);


--
-- Name: django_content_type; Type: TABLE; Schema: public; Owner: postgres
--

CREATE TABLE public.django_content_type (
    id integer NOT NULL,
    app_label character varying(100) NOT NULL,
    model character varying(100) NOT NULL
);


ALTER TABLE public.django_content_type OWNER TO postgres;

--
-- Name: django_content_type_id_seq; Type: SEQUENCE; Schema: public; Owner: postgres
--

ALTER TABLE public.django_content_type ALTER COLUMN id ADD GENERATED BY DEFAULT AS IDENTITY (
    SEQUENCE NAME public.django_content_type_id_seq
    START WITH 1
    INCREMENT BY 1
    NO MINVALUE
    NO MAXVALUE
    CACHE 1
);


--
-- Name: django_migrations; Type: TABLE; Schema: public; Owner: postgres
--

CREATE TABLE public.django_migrations (
    id bigint NOT NULL,
    app character varying(255) NOT NULL,
    name character varying(255) NOT NULL,
    applied timestamp with time zone NOT NULL
);


ALTER TABLE public.django_migrations OWNER TO postgres;

--
-- Name: django_migrations_id_seq; Type: SEQUENCE; Schema: public; Owner: postgres
--

ALTER TABLE public.django_migrations ALTER COLUMN id ADD GENERATED BY DEFAULT AS IDENTITY (
    SEQUENCE NAME public.django_migrations_id_seq
    START WITH 1
    INCREMENT BY 1
    NO MINVALUE
    NO MAXVALUE
    CACHE 1
);


--
-- Name: django_session; Type: TABLE; Schema: public; Owner: postgres
--

CREATE TABLE public.django_session (
    session_key character varying(40) NOT NULL,
    session_data text NOT NULL,
    expire_date timestamp with time zone NOT NULL
);


ALTER TABLE public.django_session OWNER TO postgres;

--
-- Name: women; Type: TABLE; Schema: public; Owner: postgres
--

CREATE TABLE public.women (
    id integer NOT NULL,
    title character varying(50),
    content character varying(500),
    is_published boolean DEFAULT true,
    cat_id integer
);


ALTER TABLE public.women OWNER TO postgres;

--
-- Name: women_category; Type: TABLE; Schema: public; Owner: postgres
--

CREATE TABLE public.women_category (
    id bigint NOT NULL,
    name character varying(100) NOT NULL,
    slug character varying(255) NOT NULL
);


ALTER TABLE public.women_category OWNER TO postgres;

--
-- Name: women_category_id_seq; Type: SEQUENCE; Schema: public; Owner: postgres
--

ALTER TABLE public.women_category ALTER COLUMN id ADD GENERATED BY DEFAULT AS IDENTITY (
    SEQUENCE NAME public.women_category_id_seq
    START WITH 1
    INCREMENT BY 1
    NO MINVALUE
    NO MAXVALUE
    CACHE 1
);


--
-- Name: women_comment; Type: TABLE; Schema: public; Owner: postgres
--

CREATE TABLE public.women_comment (
    id bigint NOT NULL,
    author_id integer NOT NULL,
    text text NOT NULL,
    created_at timestamp with time zone NOT NULL,
    post_id bigint NOT NULL
);


ALTER TABLE public.women_comment OWNER TO postgres;

--
-- Name: women_comment_id_seq; Type: SEQUENCE; Schema: public; Owner: postgres
--

ALTER TABLE public.women_comment ALTER COLUMN id ADD GENERATED BY DEFAULT AS IDENTITY (
    SEQUENCE NAME public.women_comment_id_seq
    START WITH 1
    INCREMENT BY 1
    NO MINVALUE
    NO MAXVALUE
    CACHE 1
);


--
-- Name: women_id_seq; Type: SEQUENCE; Schema: public; Owner: postgres
--

CREATE SEQUENCE public.women_id_seq
    AS integer
    START WITH 1
    INCREMENT BY 1
    NO MINVALUE
    NO MAXVALUE
    CACHE 1;


ALTER SEQUENCE public.women_id_seq OWNER TO postgres;

--
-- Name: women_id_seq; Type: SEQUENCE OWNED BY; Schema: public; Owner: postgres
--

ALTER SEQUENCE public.women_id_seq OWNED BY public.women.id;


--
-- Name: women_uploadfiles; Type: TABLE; Schema: public; Owner: postgres
--

CREATE TABLE public.women_uploadfiles (
    id bigint NOT NULL,
    file character varying(100) NOT NULL
);


ALTER TABLE public.women_uploadfiles OWNER TO postgres;

--
-- Name: women_uploadfiles_id_seq; Type: SEQUENCE; Schema: public; Owner: postgres
--

ALTER TABLE public.women_uploadfiles ALTER COLUMN id ADD GENERATED BY DEFAULT AS IDENTITY (
    SEQUENCE NAME public.women_uploadfiles_id_seq
    START WITH 1
    INCREMENT BY 1
    NO MINVALUE
    NO MAXVALUE
    CACHE 1
);


--
-- Name: women_women; Type: TABLE; Schema: public; Owner: postgres
--

CREATE TABLE public.women_women (
    id bigint NOT NULL,
    title character varying(255) NOT NULL,
    content text NOT NULL,
    time_create timestamp with time zone NOT NULL,
    time_update timestamp with time zone NOT NULL,
    is_published boolean NOT NULL,
    cat_id bigint NOT NULL,
    photo_id bigint
);


ALTER TABLE public.women_women OWNER TO postgres;

--
-- Name: women_women_id_seq; Type: SEQUENCE; Schema: public; Owner: postgres
--

ALTER TABLE public.women_women ALTER COLUMN id ADD GENERATED BY DEFAULT AS IDENTITY (
    SEQUENCE NAME public.women_women_id_seq
    START WITH 1
    INCREMENT BY 1
    NO MINVALUE
    NO MAXVALUE
    CACHE 1
);


--
-- Name: category id; Type: DEFAULT; Schema: public; Owner: postgres
--

ALTER TABLE ONLY public.category ALTER COLUMN id SET DEFAULT nextval('public.category_id_seq'::regclass);


--
-- Name: women id; Type: DEFAULT; Schema: public; Owner: postgres
--

ALTER TABLE ONLY public.women ALTER COLUMN id SET DEFAULT nextval('public.women_id_seq'::regclass);


--
-- Data for Name: account_emailaddress; Type: TABLE DATA; Schema: public; Owner: postgres
--

COPY public.account_emailaddress (id, email, verified, "primary", user_id) FROM stdin;
\.


--
-- Data for Name: account_emailconfirmation; Type: TABLE DATA; Schema: public; Owner: postgres
--

COPY public.account_emailconfirmation (id, created, sent, key, email_address_id) FROM stdin;
\.


--
-- Data for Name: auth_group; Type: TABLE DATA; Schema: public; Owner: postgres
--

COPY public.auth_group (id, name) FROM stdin;
\.


--
-- Data for Name: auth_group_permissions; Type: TABLE DATA; Schema: public; Owner: postgres
--

COPY public.auth_group_permissions (id, group_id, permission_id) FROM stdin;
\.


--
-- Data for Name: auth_permission; Type: TABLE DATA; Schema: public; Owner: postgres
--

COPY public.auth_permission (id, name, content_type_id, codename) FROM stdin;
1	Can add log entry	1	add_logentry
2	Can change log entry	1	change_logentry
3	Can delete log entry	1	delete_logentry
4	Can view log entry	1	view_logentry
5	Can add permission	2	add_permission
6	Can change permission	2	change_permission
7	Can delete permission	2	delete_permission
8	Can view permission	2	view_permission
9	Can add group	3	add_group
10	Can change group	3	change_group
11	Can delete group	3	delete_group
12	Can view group	3	view_group
13	Can add user	4	add_user
14	Can change user	4	change_user
15	Can delete user	4	delete_user
16	Can view user	4	view_user
17	Can add content type	5	add_contenttype
18	Can change content type	5	change_contenttype
19	Can delete content type	5	delete_contenttype
20	Can view content type	5	view_contenttype
21	Can add session	6	add_session
22	Can change session	6	change_session
23	Can delete session	6	delete_session
24	Can view session	6	view_session
25	Can add women	7	add_women
26	Can change women	7	change_women
27	Can delete women	7	delete_women
28	Can view women	7	view_women
29	Can add category	8	add_category
30	Can change category	8	change_category
31	Can delete category	8	delete_category
32	Can view category	8	view_category
33	Can add email address	9	add_emailaddress
34	Can change email address	9	change_emailaddress
35	Can delete email address	9	delete_emailaddress
36	Can view email address	9	view_emailaddress
37	Can add email confirmation	10	add_emailconfirmation
38	Can change email confirmation	10	change_emailconfirmation
39	Can delete email confirmation	10	delete_emailconfirmation
40	Can view email confirmation	10	view_emailconfirmation
41	Can add photo	11	add_photo
42	Can change photo	11	change_photo
43	Can delete photo	11	delete_photo
44	Can view photo	11	view_photo
45	Can add upload files	12	add_uploadfiles
46	Can change upload files	12	change_uploadfiles
47	Can delete upload files	12	delete_uploadfiles
48	Can view upload files	12	view_uploadfiles
49	Can add comment	13	add_comment
50	Can change comment	13	change_comment
51	Can delete comment	13	delete_comment
52	Can view comment	13	view_comment
\.


--
-- Data for Name: auth_user; Type: TABLE DATA; Schema: public; Owner: postgres
--

COPY public.auth_user (id, password, last_login, is_superuser, username, first_name, last_name, email, is_staff, is_active, date_joined) FROM stdin;
2	pbkdf2_sha256$720000$rTnpPrMR9c0kusj5juJp3B$4rsLgMsJk1mg0nTTppYgO5HcGl2IF3E764XIr88osDU=	2024-03-11 19:25:06.776135+00	f	sansai				f	t	2024-02-26 21:26:35.163689+00
3	pbkdf2_sha256$720000$wk9VMIP9FthMpY8pReF6dQ$I2RnXwD1aAKox0+zG73s4IVH2xg3kY1ibpQ37Gjx7Os=	2024-03-15 10:52:55.812551+00	f	sonsoi				f	t	2024-03-15 10:52:22.334147+00
4	pbkdf2_sha256$720000$nSOWRormAiqEiAYqh8JtxG$XCluGSVaUCxoi1IlFa2A5q+t43w2S8Ag+BBvjTgdSos=	2024-03-15 17:28:36.101506+00	f	penpei				f	t	2024-03-15 17:26:37.975104+00
1	pbkdf2_sha256$720000$ia1Q0270kkdPhHnaW1F84L$4GvbOlXwcZHz/evbXxWCBHJQD0H9gRCfmcvfiE66w94=	2024-03-19 15:24:28.914119+00	t	sensei				f	t	2024-02-23 14:52:58.290557+00
\.


--
-- Data for Name: auth_user_groups; Type: TABLE DATA; Schema: public; Owner: postgres
--

COPY public.auth_user_groups (id, user_id, group_id) FROM stdin;
\.


--
-- Data for Name: auth_user_user_permissions; Type: TABLE DATA; Schema: public; Owner: postgres
--

COPY public.auth_user_user_permissions (id, user_id, permission_id) FROM stdin;
\.


--
-- Data for Name: category; Type: TABLE DATA; Schema: public; Owner: postgres
--

COPY public.category (id, category_name, slug) FROM stdin;
1	Actress	Actress
2	Singer	Singer
3	Athlete	Athlete
\.


--
-- Data for Name: django_admin_log; Type: TABLE DATA; Schema: public; Owner: postgres
--

COPY public.django_admin_log (id, action_time, object_id, object_repr, action_flag, change_message, content_type_id, user_id) FROM stdin;
\.


--
-- Data for Name: django_content_type; Type: TABLE DATA; Schema: public; Owner: postgres
--

COPY public.django_content_type (id, app_label, model) FROM stdin;
1	admin	logentry
2	auth	permission
3	auth	group
4	auth	user
5	contenttypes	contenttype
6	sessions	session
7	women	women
8	women	category
9	account	emailaddress
10	account	emailconfirmation
11	women	photo
12	women	uploadfiles
13	women	comment
\.


--
-- Data for Name: django_migrations; Type: TABLE DATA; Schema: public; Owner: postgres
--

COPY public.django_migrations (id, app, name, applied) FROM stdin;
1	contenttypes	0001_initial	2024-02-21 15:18:07.307154+00
2	auth	0001_initial	2024-02-21 15:18:07.385363+00
3	account	0001_initial	2024-02-21 15:18:07.422694+00
4	account	0002_email_max_length	2024-02-21 15:18:07.430675+00
5	account	0003_alter_emailaddress_create_unique_verified_email	2024-02-21 15:18:07.444158+00
6	account	0004_alter_emailaddress_drop_unique_email	2024-02-21 15:18:07.459846+00
7	account	0005_emailaddress_idx_upper_email	2024-02-21 15:18:07.470395+00
8	admin	0001_initial	2024-02-21 15:18:07.489756+00
9	admin	0002_logentry_remove_auto_add	2024-02-21 15:18:07.494749+00
10	admin	0003_logentry_add_action_flag_choices	2024-02-21 15:18:07.498744+00
11	contenttypes	0002_remove_content_type_name	2024-02-21 15:18:07.508713+00
12	auth	0002_alter_permission_name_max_length	2024-02-21 15:18:07.514715+00
13	auth	0003_alter_user_email_max_length	2024-02-21 15:18:07.519705+00
14	auth	0004_alter_user_username_opts	2024-02-21 15:18:07.524688+00
15	auth	0005_alter_user_last_login_null	2024-02-21 15:18:07.529814+00
16	auth	0006_require_contenttypes_0002	2024-02-21 15:18:07.530813+00
17	auth	0007_alter_validators_add_error_messages	2024-02-21 15:18:07.534715+00
18	auth	0008_alter_user_username_max_length	2024-02-21 15:18:07.543803+00
19	auth	0009_alter_user_last_name_max_length	2024-02-21 15:18:07.548677+00
20	auth	0010_alter_group_name_max_length	2024-02-21 15:18:07.5547+00
21	auth	0011_update_proxy_permissions	2024-02-21 15:18:07.560646+00
22	auth	0012_alter_user_first_name_max_length	2024-02-21 15:18:07.565781+00
23	sessions	0001_initial	2024-02-21 15:18:07.579378+00
24	women	0001_initial	2024-02-21 15:18:07.588521+00
25	women	0002_categories	2024-02-21 15:18:07.594899+00
26	women	0003_category_delete_categories_women_cat	2024-02-21 15:18:07.618229+00
27	women	0004_alter_women_cat	2024-02-21 15:18:07.626705+00
28	women	0005_alter_women_content_alter_women_title	2024-02-21 15:18:07.634173+00
29	women	0006_photo	2024-02-23 15:23:11.917448+00
30	women	0007_delete_photo_women_photo	2024-02-23 22:56:41.974436+00
31	women	0008_uploadfiles	2024-02-25 14:32:13.20485+00
32	women	0009_alter_women_photo	2024-02-25 14:47:29.761588+00
33	women	0010_alter_women_photo	2024-02-26 18:06:03.703236+00
34	women	0011_comment	2024-03-03 16:20:25.811932+00
35	women	0012_alter_comment_author	2024-03-11 18:43:12.101458+00
\.


--
-- Data for Name: django_session; Type: TABLE DATA; Schema: public; Owner: postgres
--

COPY public.django_session (session_key, session_data, expire_date) FROM stdin;
rrj90ptxqsctrljbxff5r1boj5t4psjc	.eJxVjMsOwiAURP-FtSEXKi-X7vsNBO4FqRpISrsy_ruSdKGrSeacmRfzYd-K33ta_ULswgQ7_XYx4CPVAege6q1xbHVbl8iHwg_a-dwoPa-H-3dQQi_fdQykknAK8kQokVwcoYTLThJksBn1NJ2FQCsNaIPaJmWsTFFKlQHY-wP8TTfN:1rmbKG:i4wkB6hD-OQsm5b9iE_JfTVKYc97K4_MeD0rT-3G9KI	2024-04-02 15:24:28.915116+00
\.


--
-- Data for Name: women; Type: TABLE DATA; Schema: public; Owner: postgres
--

COPY public.women (id, title, content, is_published, cat_id) FROM stdin;
\.


--
-- Data for Name: women_category; Type: TABLE DATA; Schema: public; Owner: postgres
--

COPY public.women_category (id, name, slug) FROM stdin;
1	Actress	Actress
2	Singer	Singer
3	Athlete	Athlete
\.


--
-- Data for Name: women_comment; Type: TABLE DATA; Schema: public; Owner: postgres
--

COPY public.women_comment (id, author_id, text, created_at, post_id) FROM stdin;
28	2	doroy	2024-03-11 19:25:18.212462+00	4
37	4	hey	2024-03-15 17:28:51.93442+00	4
39	4	jojo	2024-03-15 22:48:51.332453+00	13
40	4	hi	2024-03-15 22:48:56.046334+00	3
41	4	ky	2024-03-15 22:49:01.979118+00	9
42	4	hohoho	2024-03-15 22:49:11.386888+00	4
43	1	edit	2024-03-17 12:24:24.623868+00	3
47	1	braaaaa	2024-03-20 13:23:08.032718+00	15
\.


--
-- Data for Name: women_uploadfiles; Type: TABLE DATA; Schema: public; Owner: postgres
--

COPY public.women_uploadfiles (id, file) FROM stdin;
24	uploads_model/Angelina_Jolie.jpg
26	uploads_model/ann.jpg
28	uploads_model/wp.webp
29	uploads_model/Rihanna.jpg
30	uploads_model/monkeyflower.jpg
\.


--
-- Data for Name: women_women; Type: TABLE DATA; Schema: public; Owner: postgres
--

COPY public.women_women (id, title, content, time_create, time_update, is_published, cat_id, photo_id) FROM stdin;
6	Klavdia Petrivna	Biography Klavdia Petrivna	2024-02-23 14:47:43.357215+00	2024-02-23 14:47:43.357215+00	t	2	\N
7	Julia Roberts	Biography Julia Roberts	2024-02-23 14:48:17.219953+00	2024-02-23 14:48:17.219953+00	t	1	\N
8	Serena Williams	Biography Serena Williams	2024-02-23 14:49:14.120016+00	2024-02-23 14:49:14.120016+00	t	3	\N
9	Simone Biles	Biography Simone Biles	2024-02-23 14:49:31.942592+00	2024-02-23 14:49:31.942592+00	t	3	\N
4	Ann Heteyei	Енн Жаклі́н Ге́тевей (англ. Anne Jacqueline Hathaway; нар. 12 листопада 1982, Нью-Йорк) — американська акторка театру та кіно, співачка.	2024-02-23 14:26:01.181695+00	2024-02-23 14:26:01.181695+00	t	1	26
13	Rihanna Fenty	Ріа́нна (англ. Rihanna; справжнє ім'я Рóбін Ріáнна Фéнті, англ. Robyn Rihanna Fenty; 20 лютого 1988, Барбадос) — барбадоська співачка, акторка та підприємиця.	2024-03-03 12:51:48.644045+00	2024-03-03 12:51:48.644045+00	t	2	29
14	lolo luna	lololuna	2024-03-03 13:21:29.488948+00	2024-03-03 13:21:29.488948+00	f	1	\N
5	Ruri Ohara	Biography Ruri Ohara	2024-02-23 14:46:48.407183+00	2024-02-23 14:46:48.407183+00	f	1	28
3	Angelina Jolie	Анджелі́на Джолі́ (англ. Angelina Jolie, МФА: [dʒoʊˈliː]; Анджеліна Джолі Войт (англ. Angelina Jolie Voight); нар. 4 червня 1975, Лос-Анджелес) — американська акторка, фотомодель, режисерка, амбасадорка доброї волі ЮНІСЕФ, володарка двох премій «Оскар» (2000, 2014), трьох премій «Золотий глобус» (1998, 1999, 2000).	2024-02-21 15:50:45.79605+00	2024-03-17 12:24:34.101577+00	t	1	24
15	New Actress	bio	2024-03-17 13:11:57.367944+00	2024-03-17 13:11:57.367944+00	t	1	\N
\.


--
-- Name: account_emailaddress_id_seq; Type: SEQUENCE SET; Schema: public; Owner: postgres
--

SELECT pg_catalog.setval('public.account_emailaddress_id_seq', 1, false);


--
-- Name: account_emailconfirmation_id_seq; Type: SEQUENCE SET; Schema: public; Owner: postgres
--

SELECT pg_catalog.setval('public.account_emailconfirmation_id_seq', 1, false);


--
-- Name: auth_group_id_seq; Type: SEQUENCE SET; Schema: public; Owner: postgres
--

SELECT pg_catalog.setval('public.auth_group_id_seq', 1, false);


--
-- Name: auth_group_permissions_id_seq; Type: SEQUENCE SET; Schema: public; Owner: postgres
--

SELECT pg_catalog.setval('public.auth_group_permissions_id_seq', 1, false);


--
-- Name: auth_permission_id_seq; Type: SEQUENCE SET; Schema: public; Owner: postgres
--

SELECT pg_catalog.setval('public.auth_permission_id_seq', 52, true);


--
-- Name: auth_user_groups_id_seq; Type: SEQUENCE SET; Schema: public; Owner: postgres
--

SELECT pg_catalog.setval('public.auth_user_groups_id_seq', 1, false);


--
-- Name: auth_user_id_seq; Type: SEQUENCE SET; Schema: public; Owner: postgres
--

SELECT pg_catalog.setval('public.auth_user_id_seq', 4, true);


--
-- Name: auth_user_user_permissions_id_seq; Type: SEQUENCE SET; Schema: public; Owner: postgres
--

SELECT pg_catalog.setval('public.auth_user_user_permissions_id_seq', 1, false);


--
-- Name: category_id_seq; Type: SEQUENCE SET; Schema: public; Owner: postgres
--

SELECT pg_catalog.setval('public.category_id_seq', 3, true);


--
-- Name: django_admin_log_id_seq; Type: SEQUENCE SET; Schema: public; Owner: postgres
--

SELECT pg_catalog.setval('public.django_admin_log_id_seq', 1, false);


--
-- Name: django_content_type_id_seq; Type: SEQUENCE SET; Schema: public; Owner: postgres
--

SELECT pg_catalog.setval('public.django_content_type_id_seq', 13, true);


--
-- Name: django_migrations_id_seq; Type: SEQUENCE SET; Schema: public; Owner: postgres
--

SELECT pg_catalog.setval('public.django_migrations_id_seq', 35, true);


--
-- Name: women_category_id_seq; Type: SEQUENCE SET; Schema: public; Owner: postgres
--

SELECT pg_catalog.setval('public.women_category_id_seq', 3, true);


--
-- Name: women_comment_id_seq; Type: SEQUENCE SET; Schema: public; Owner: postgres
--

SELECT pg_catalog.setval('public.women_comment_id_seq', 47, true);


--
-- Name: women_id_seq; Type: SEQUENCE SET; Schema: public; Owner: postgres
--

SELECT pg_catalog.setval('public.women_id_seq', 2, true);


--
-- Name: women_uploadfiles_id_seq; Type: SEQUENCE SET; Schema: public; Owner: postgres
--

SELECT pg_catalog.setval('public.women_uploadfiles_id_seq', 30, true);


--
-- Name: women_women_id_seq; Type: SEQUENCE SET; Schema: public; Owner: postgres
--

SELECT pg_catalog.setval('public.women_women_id_seq', 15, true);


--
-- Name: account_emailaddress account_emailaddress_pkey; Type: CONSTRAINT; Schema: public; Owner: postgres
--

ALTER TABLE ONLY public.account_emailaddress
    ADD CONSTRAINT account_emailaddress_pkey PRIMARY KEY (id);


--
-- Name: account_emailaddress account_emailaddress_user_id_email_987c8728_uniq; Type: CONSTRAINT; Schema: public; Owner: postgres
--

ALTER TABLE ONLY public.account_emailaddress
    ADD CONSTRAINT account_emailaddress_user_id_email_987c8728_uniq UNIQUE (user_id, email);


--
-- Name: account_emailconfirmation account_emailconfirmation_key_key; Type: CONSTRAINT; Schema: public; Owner: postgres
--

ALTER TABLE ONLY public.account_emailconfirmation
    ADD CONSTRAINT account_emailconfirmation_key_key UNIQUE (key);


--
-- Name: account_emailconfirmation account_emailconfirmation_pkey; Type: CONSTRAINT; Schema: public; Owner: postgres
--

ALTER TABLE ONLY public.account_emailconfirmation
    ADD CONSTRAINT account_emailconfirmation_pkey PRIMARY KEY (id);


--
-- Name: auth_group auth_group_name_key; Type: CONSTRAINT; Schema: public; Owner: postgres
--

ALTER TABLE ONLY public.auth_group
    ADD CONSTRAINT auth_group_name_key UNIQUE (name);


--
-- Name: auth_group_permissions auth_group_permissions_group_id_permission_id_0cd325b0_uniq; Type: CONSTRAINT; Schema: public; Owner: postgres
--

ALTER TABLE ONLY public.auth_group_permissions
    ADD CONSTRAINT auth_group_permissions_group_id_permission_id_0cd325b0_uniq UNIQUE (group_id, permission_id);


--
-- Name: auth_group_permissions auth_group_permissions_pkey; Type: CONSTRAINT; Schema: public; Owner: postgres
--

ALTER TABLE ONLY public.auth_group_permissions
    ADD CONSTRAINT auth_group_permissions_pkey PRIMARY KEY (id);


--
-- Name: auth_group auth_group_pkey; Type: CONSTRAINT; Schema: public; Owner: postgres
--

ALTER TABLE ONLY public.auth_group
    ADD CONSTRAINT auth_group_pkey PRIMARY KEY (id);


--
-- Name: auth_permission auth_permission_content_type_id_codename_01ab375a_uniq; Type: CONSTRAINT; Schema: public; Owner: postgres
--

ALTER TABLE ONLY public.auth_permission
    ADD CONSTRAINT auth_permission_content_type_id_codename_01ab375a_uniq UNIQUE (content_type_id, codename);


--
-- Name: auth_permission auth_permission_pkey; Type: CONSTRAINT; Schema: public; Owner: postgres
--

ALTER TABLE ONLY public.auth_permission
    ADD CONSTRAINT auth_permission_pkey PRIMARY KEY (id);


--
-- Name: auth_user_groups auth_user_groups_pkey; Type: CONSTRAINT; Schema: public; Owner: postgres
--

ALTER TABLE ONLY public.auth_user_groups
    ADD CONSTRAINT auth_user_groups_pkey PRIMARY KEY (id);


--
-- Name: auth_user_groups auth_user_groups_user_id_group_id_94350c0c_uniq; Type: CONSTRAINT; Schema: public; Owner: postgres
--

ALTER TABLE ONLY public.auth_user_groups
    ADD CONSTRAINT auth_user_groups_user_id_group_id_94350c0c_uniq UNIQUE (user_id, group_id);


--
-- Name: auth_user auth_user_pkey; Type: CONSTRAINT; Schema: public; Owner: postgres
--

ALTER TABLE ONLY public.auth_user
    ADD CONSTRAINT auth_user_pkey PRIMARY KEY (id);


--
-- Name: auth_user_user_permissions auth_user_user_permissions_pkey; Type: CONSTRAINT; Schema: public; Owner: postgres
--

ALTER TABLE ONLY public.auth_user_user_permissions
    ADD CONSTRAINT auth_user_user_permissions_pkey PRIMARY KEY (id);


--
-- Name: auth_user_user_permissions auth_user_user_permissions_user_id_permission_id_14a6b632_uniq; Type: CONSTRAINT; Schema: public; Owner: postgres
--

ALTER TABLE ONLY public.auth_user_user_permissions
    ADD CONSTRAINT auth_user_user_permissions_user_id_permission_id_14a6b632_uniq UNIQUE (user_id, permission_id);


--
-- Name: auth_user auth_user_username_key; Type: CONSTRAINT; Schema: public; Owner: postgres
--

ALTER TABLE ONLY public.auth_user
    ADD CONSTRAINT auth_user_username_key UNIQUE (username);


--
-- Name: category category_category_name_key; Type: CONSTRAINT; Schema: public; Owner: postgres
--

ALTER TABLE ONLY public.category
    ADD CONSTRAINT category_category_name_key UNIQUE (category_name);


--
-- Name: category category_pkey; Type: CONSTRAINT; Schema: public; Owner: postgres
--

ALTER TABLE ONLY public.category
    ADD CONSTRAINT category_pkey PRIMARY KEY (id);


--
-- Name: category category_slug_key; Type: CONSTRAINT; Schema: public; Owner: postgres
--

ALTER TABLE ONLY public.category
    ADD CONSTRAINT category_slug_key UNIQUE (slug);


--
-- Name: django_admin_log django_admin_log_pkey; Type: CONSTRAINT; Schema: public; Owner: postgres
--

ALTER TABLE ONLY public.django_admin_log
    ADD CONSTRAINT django_admin_log_pkey PRIMARY KEY (id);


--
-- Name: django_content_type django_content_type_app_label_model_76bd3d3b_uniq; Type: CONSTRAINT; Schema: public; Owner: postgres
--

ALTER TABLE ONLY public.django_content_type
    ADD CONSTRAINT django_content_type_app_label_model_76bd3d3b_uniq UNIQUE (app_label, model);


--
-- Name: django_content_type django_content_type_pkey; Type: CONSTRAINT; Schema: public; Owner: postgres
--

ALTER TABLE ONLY public.django_content_type
    ADD CONSTRAINT django_content_type_pkey PRIMARY KEY (id);


--
-- Name: django_migrations django_migrations_pkey; Type: CONSTRAINT; Schema: public; Owner: postgres
--

ALTER TABLE ONLY public.django_migrations
    ADD CONSTRAINT django_migrations_pkey PRIMARY KEY (id);


--
-- Name: django_session django_session_pkey; Type: CONSTRAINT; Schema: public; Owner: postgres
--

ALTER TABLE ONLY public.django_session
    ADD CONSTRAINT django_session_pkey PRIMARY KEY (session_key);


--
-- Name: women_category women_category_pkey; Type: CONSTRAINT; Schema: public; Owner: postgres
--

ALTER TABLE ONLY public.women_category
    ADD CONSTRAINT women_category_pkey PRIMARY KEY (id);


--
-- Name: women_category women_category_slug_key; Type: CONSTRAINT; Schema: public; Owner: postgres
--

ALTER TABLE ONLY public.women_category
    ADD CONSTRAINT women_category_slug_key UNIQUE (slug);


--
-- Name: women_comment women_comment_pkey; Type: CONSTRAINT; Schema: public; Owner: postgres
--

ALTER TABLE ONLY public.women_comment
    ADD CONSTRAINT women_comment_pkey PRIMARY KEY (id);


--
-- Name: women women_pkey; Type: CONSTRAINT; Schema: public; Owner: postgres
--

ALTER TABLE ONLY public.women
    ADD CONSTRAINT women_pkey PRIMARY KEY (id);


--
-- Name: women_uploadfiles women_uploadfiles_pkey; Type: CONSTRAINT; Schema: public; Owner: postgres
--

ALTER TABLE ONLY public.women_uploadfiles
    ADD CONSTRAINT women_uploadfiles_pkey PRIMARY KEY (id);


--
-- Name: women_women women_women_photo_id_453ea170_uniq; Type: CONSTRAINT; Schema: public; Owner: postgres
--

ALTER TABLE ONLY public.women_women
    ADD CONSTRAINT women_women_photo_id_453ea170_uniq UNIQUE (photo_id);


--
-- Name: women_women women_women_pkey; Type: CONSTRAINT; Schema: public; Owner: postgres
--

ALTER TABLE ONLY public.women_women
    ADD CONSTRAINT women_women_pkey PRIMARY KEY (id);


--
-- Name: account_emailaddress_upper; Type: INDEX; Schema: public; Owner: postgres
--

CREATE INDEX account_emailaddress_upper ON public.account_emailaddress USING btree (upper((email)::text));


--
-- Name: account_emailaddress_user_id_2c513194; Type: INDEX; Schema: public; Owner: postgres
--

CREATE INDEX account_emailaddress_user_id_2c513194 ON public.account_emailaddress USING btree (user_id);


--
-- Name: account_emailconfirmation_email_address_id_5b7f8c58; Type: INDEX; Schema: public; Owner: postgres
--

CREATE INDEX account_emailconfirmation_email_address_id_5b7f8c58 ON public.account_emailconfirmation USING btree (email_address_id);


--
-- Name: account_emailconfirmation_key_f43612bd_like; Type: INDEX; Schema: public; Owner: postgres
--

CREATE INDEX account_emailconfirmation_key_f43612bd_like ON public.account_emailconfirmation USING btree (key varchar_pattern_ops);


--
-- Name: auth_group_name_a6ea08ec_like; Type: INDEX; Schema: public; Owner: postgres
--

CREATE INDEX auth_group_name_a6ea08ec_like ON public.auth_group USING btree (name varchar_pattern_ops);


--
-- Name: auth_group_permissions_group_id_b120cbf9; Type: INDEX; Schema: public; Owner: postgres
--

CREATE INDEX auth_group_permissions_group_id_b120cbf9 ON public.auth_group_permissions USING btree (group_id);


--
-- Name: auth_group_permissions_permission_id_84c5c92e; Type: INDEX; Schema: public; Owner: postgres
--

CREATE INDEX auth_group_permissions_permission_id_84c5c92e ON public.auth_group_permissions USING btree (permission_id);


--
-- Name: auth_permission_content_type_id_2f476e4b; Type: INDEX; Schema: public; Owner: postgres
--

CREATE INDEX auth_permission_content_type_id_2f476e4b ON public.auth_permission USING btree (content_type_id);


--
-- Name: auth_user_groups_group_id_97559544; Type: INDEX; Schema: public; Owner: postgres
--

CREATE INDEX auth_user_groups_group_id_97559544 ON public.auth_user_groups USING btree (group_id);


--
-- Name: auth_user_groups_user_id_6a12ed8b; Type: INDEX; Schema: public; Owner: postgres
--

CREATE INDEX auth_user_groups_user_id_6a12ed8b ON public.auth_user_groups USING btree (user_id);


--
-- Name: auth_user_user_permissions_permission_id_1fbb5f2c; Type: INDEX; Schema: public; Owner: postgres
--

CREATE INDEX auth_user_user_permissions_permission_id_1fbb5f2c ON public.auth_user_user_permissions USING btree (permission_id);


--
-- Name: auth_user_user_permissions_user_id_a95ead1b; Type: INDEX; Schema: public; Owner: postgres
--

CREATE INDEX auth_user_user_permissions_user_id_a95ead1b ON public.auth_user_user_permissions USING btree (user_id);


--
-- Name: auth_user_username_6821ab7c_like; Type: INDEX; Schema: public; Owner: postgres
--

CREATE INDEX auth_user_username_6821ab7c_like ON public.auth_user USING btree (username varchar_pattern_ops);


--
-- Name: django_admin_log_content_type_id_c4bce8eb; Type: INDEX; Schema: public; Owner: postgres
--

CREATE INDEX django_admin_log_content_type_id_c4bce8eb ON public.django_admin_log USING btree (content_type_id);


--
-- Name: django_admin_log_user_id_c564eba6; Type: INDEX; Schema: public; Owner: postgres
--

CREATE INDEX django_admin_log_user_id_c564eba6 ON public.django_admin_log USING btree (user_id);


--
-- Name: django_session_expire_date_a5c62663; Type: INDEX; Schema: public; Owner: postgres
--

CREATE INDEX django_session_expire_date_a5c62663 ON public.django_session USING btree (expire_date);


--
-- Name: django_session_session_key_c0390e0f_like; Type: INDEX; Schema: public; Owner: postgres
--

CREATE INDEX django_session_session_key_c0390e0f_like ON public.django_session USING btree (session_key varchar_pattern_ops);


--
-- Name: unique_verified_email; Type: INDEX; Schema: public; Owner: postgres
--

CREATE UNIQUE INDEX unique_verified_email ON public.account_emailaddress USING btree (email) WHERE verified;


--
-- Name: women_category_name_893c5c38; Type: INDEX; Schema: public; Owner: postgres
--

CREATE INDEX women_category_name_893c5c38 ON public.women_category USING btree (name);


--
-- Name: women_category_name_893c5c38_like; Type: INDEX; Schema: public; Owner: postgres
--

CREATE INDEX women_category_name_893c5c38_like ON public.women_category USING btree (name varchar_pattern_ops);


--
-- Name: women_category_slug_93f359ec_like; Type: INDEX; Schema: public; Owner: postgres
--

CREATE INDEX women_category_slug_93f359ec_like ON public.women_category USING btree (slug varchar_pattern_ops);


--
-- Name: women_comment_author_id_33001e47; Type: INDEX; Schema: public; Owner: postgres
--

CREATE INDEX women_comment_author_id_33001e47 ON public.women_comment USING btree (author_id);


--
-- Name: women_comment_post_id_7e8fda34; Type: INDEX; Schema: public; Owner: postgres
--

CREATE INDEX women_comment_post_id_7e8fda34 ON public.women_comment USING btree (post_id);


--
-- Name: women_women_cat_id_e0424379; Type: INDEX; Schema: public; Owner: postgres
--

CREATE INDEX women_women_cat_id_e0424379 ON public.women_women USING btree (cat_id);


--
-- Name: women_women_title_c9b5c61c; Type: INDEX; Schema: public; Owner: postgres
--

CREATE INDEX women_women_title_c9b5c61c ON public.women_women USING btree (title);


--
-- Name: women_women_title_c9b5c61c_like; Type: INDEX; Schema: public; Owner: postgres
--

CREATE INDEX women_women_title_c9b5c61c_like ON public.women_women USING btree (title varchar_pattern_ops);


--
-- Name: account_emailaddress account_emailaddress_user_id_2c513194_fk_auth_user_id; Type: FK CONSTRAINT; Schema: public; Owner: postgres
--

ALTER TABLE ONLY public.account_emailaddress
    ADD CONSTRAINT account_emailaddress_user_id_2c513194_fk_auth_user_id FOREIGN KEY (user_id) REFERENCES public.auth_user(id) DEFERRABLE INITIALLY DEFERRED;


--
-- Name: account_emailconfirmation account_emailconfirm_email_address_id_5b7f8c58_fk_account_e; Type: FK CONSTRAINT; Schema: public; Owner: postgres
--

ALTER TABLE ONLY public.account_emailconfirmation
    ADD CONSTRAINT account_emailconfirm_email_address_id_5b7f8c58_fk_account_e FOREIGN KEY (email_address_id) REFERENCES public.account_emailaddress(id) DEFERRABLE INITIALLY DEFERRED;


--
-- Name: auth_group_permissions auth_group_permissio_permission_id_84c5c92e_fk_auth_perm; Type: FK CONSTRAINT; Schema: public; Owner: postgres
--

ALTER TABLE ONLY public.auth_group_permissions
    ADD CONSTRAINT auth_group_permissio_permission_id_84c5c92e_fk_auth_perm FOREIGN KEY (permission_id) REFERENCES public.auth_permission(id) DEFERRABLE INITIALLY DEFERRED;


--
-- Name: auth_group_permissions auth_group_permissions_group_id_b120cbf9_fk_auth_group_id; Type: FK CONSTRAINT; Schema: public; Owner: postgres
--

ALTER TABLE ONLY public.auth_group_permissions
    ADD CONSTRAINT auth_group_permissions_group_id_b120cbf9_fk_auth_group_id FOREIGN KEY (group_id) REFERENCES public.auth_group(id) DEFERRABLE INITIALLY DEFERRED;


--
-- Name: auth_permission auth_permission_content_type_id_2f476e4b_fk_django_co; Type: FK CONSTRAINT; Schema: public; Owner: postgres
--

ALTER TABLE ONLY public.auth_permission
    ADD CONSTRAINT auth_permission_content_type_id_2f476e4b_fk_django_co FOREIGN KEY (content_type_id) REFERENCES public.django_content_type(id) DEFERRABLE INITIALLY DEFERRED;


--
-- Name: auth_user_groups auth_user_groups_group_id_97559544_fk_auth_group_id; Type: FK CONSTRAINT; Schema: public; Owner: postgres
--

ALTER TABLE ONLY public.auth_user_groups
    ADD CONSTRAINT auth_user_groups_group_id_97559544_fk_auth_group_id FOREIGN KEY (group_id) REFERENCES public.auth_group(id) DEFERRABLE INITIALLY DEFERRED;


--
-- Name: auth_user_groups auth_user_groups_user_id_6a12ed8b_fk_auth_user_id; Type: FK CONSTRAINT; Schema: public; Owner: postgres
--

ALTER TABLE ONLY public.auth_user_groups
    ADD CONSTRAINT auth_user_groups_user_id_6a12ed8b_fk_auth_user_id FOREIGN KEY (user_id) REFERENCES public.auth_user(id) DEFERRABLE INITIALLY DEFERRED;


--
-- Name: auth_user_user_permissions auth_user_user_permi_permission_id_1fbb5f2c_fk_auth_perm; Type: FK CONSTRAINT; Schema: public; Owner: postgres
--

ALTER TABLE ONLY public.auth_user_user_permissions
    ADD CONSTRAINT auth_user_user_permi_permission_id_1fbb5f2c_fk_auth_perm FOREIGN KEY (permission_id) REFERENCES public.auth_permission(id) DEFERRABLE INITIALLY DEFERRED;


--
-- Name: auth_user_user_permissions auth_user_user_permissions_user_id_a95ead1b_fk_auth_user_id; Type: FK CONSTRAINT; Schema: public; Owner: postgres
--

ALTER TABLE ONLY public.auth_user_user_permissions
    ADD CONSTRAINT auth_user_user_permissions_user_id_a95ead1b_fk_auth_user_id FOREIGN KEY (user_id) REFERENCES public.auth_user(id) DEFERRABLE INITIALLY DEFERRED;


--
-- Name: django_admin_log django_admin_log_content_type_id_c4bce8eb_fk_django_co; Type: FK CONSTRAINT; Schema: public; Owner: postgres
--

ALTER TABLE ONLY public.django_admin_log
    ADD CONSTRAINT django_admin_log_content_type_id_c4bce8eb_fk_django_co FOREIGN KEY (content_type_id) REFERENCES public.django_content_type(id) DEFERRABLE INITIALLY DEFERRED;


--
-- Name: django_admin_log django_admin_log_user_id_c564eba6_fk_auth_user_id; Type: FK CONSTRAINT; Schema: public; Owner: postgres
--

ALTER TABLE ONLY public.django_admin_log
    ADD CONSTRAINT django_admin_log_user_id_c564eba6_fk_auth_user_id FOREIGN KEY (user_id) REFERENCES public.auth_user(id) DEFERRABLE INITIALLY DEFERRED;


--
-- Name: women women_cat_id_fkey; Type: FK CONSTRAINT; Schema: public; Owner: postgres
--

ALTER TABLE ONLY public.women
    ADD CONSTRAINT women_cat_id_fkey FOREIGN KEY (cat_id) REFERENCES public.category(id);


--
-- Name: women_comment women_comment_author_id_33001e47_fk_auth_user_id; Type: FK CONSTRAINT; Schema: public; Owner: postgres
--

ALTER TABLE ONLY public.women_comment
    ADD CONSTRAINT women_comment_author_id_33001e47_fk_auth_user_id FOREIGN KEY (author_id) REFERENCES public.auth_user(id) DEFERRABLE INITIALLY DEFERRED;


--
-- Name: women_comment women_comment_post_id_7e8fda34_fk_women_women_id; Type: FK CONSTRAINT; Schema: public; Owner: postgres
--

ALTER TABLE ONLY public.women_comment
    ADD CONSTRAINT women_comment_post_id_7e8fda34_fk_women_women_id FOREIGN KEY (post_id) REFERENCES public.women_women(id) DEFERRABLE INITIALLY DEFERRED;


--
-- Name: women_women women_women_cat_id_e0424379_fk_women_category_id; Type: FK CONSTRAINT; Schema: public; Owner: postgres
--

ALTER TABLE ONLY public.women_women
    ADD CONSTRAINT women_women_cat_id_e0424379_fk_women_category_id FOREIGN KEY (cat_id) REFERENCES public.women_category(id) DEFERRABLE INITIALLY DEFERRED;


--
-- Name: women_women women_women_photo_id_453ea170_fk_women_uploadfiles_id; Type: FK CONSTRAINT; Schema: public; Owner: postgres
--

ALTER TABLE ONLY public.women_women
    ADD CONSTRAINT women_women_photo_id_453ea170_fk_women_uploadfiles_id FOREIGN KEY (photo_id) REFERENCES public.women_uploadfiles(id) DEFERRABLE INITIALLY DEFERRED;


--
-- PostgreSQL database dump complete
--

